{"initial_reset_timestamp": 1635115074.5943508, "timestamps": [1635115075.6188734, 1635115076.5680835, 1635115077.1739194, 1635115077.900632, 1635115078.6485631, 1635115079.2474382, 1635115079.8982682, 1635115080.580708, 1635115081.563412, 1635115082.2478192, 1635115082.859342, 1635115100.6510005, 1635115134.0120409, 1635115155.9877045, 1635115176.8467593, 1635115196.3924067, 1635115216.5428488, 1635115238.7977092, 1635115260.8815186, 1635115287.5809844, 1635115306.133204, 1635115328.7172825, 1635115354.2790666, 1635115381.6677415, 1635115401.9369917, 1635115420.6899705, 1635115441.4946988, 1635115463.5260873, 1635115487.8162346, 1635115507.426924, 1635115529.681307, 1635115549.8965964, 1635115575.4564037, 1635115597.6302028, 1635115620.0182385, 1635115645.5849402, 1635115665.441123, 1635115695.0622458, 1635115718.9716604, 1635115738.6592414, 1635115764.0668602, 1635115788.2764368, 1635115814.6271362, 1635115836.6862826, 1635115860.5557964, 1635115890.6297634, 1635115912.9076397, 1635115947.8607912, 1635115972.47905, 1635116003.7681055, 1635116034.9806495, 1635116057.1319842, 1635116079.5039318, 1635116105.416391, 1635116137.6111622, 1635116180.3228102, 1635116203.2251863, 1635116232.0981245, 1635116256.4468815, 1635116286.595399, 1635116325.6909673, 1635116365.122575, 1635116406.9830651, 1635116445.082158, 1635116479.49658, 1635116518.007118, 1635116556.6430876, 1635116591.381822, 1635116630.9529278, 1635116668.268438, 1635116705.1180527, 1635116744.321081, 1635116789.1208563, 1635116831.6575072, 1635116886.9016428, 1635116926.0615928, 1635116980.1574938, 1635117021.3920417, 1635117071.636526, 1635117113.1613073, 1635117150.6725812, 1635117196.4296968, 1635117244.2346277, 1635117300.0889049, 1635117361.534112, 1635117424.5792797, 1635117473.2632742, 1635117528.5576053, 1635117581.3531137, 1635117632.6894186, 1635117682.6495643, 1635117748.0329893, 1635117802.2354407, 1635117850.566533, 1635117900.3570287, 1635117958.5019965, 1635118017.3196287, 1635118069.4395585, 1635118135.1375978, 1635118197.0515847, 1635118252.7789001, 1635118316.0048866, 1635118374.9894044, 1635118431.24733, 1635118491.7905395, 1635118563.68746, 1635118614.3369572, 1635118679.0907526, 1635118749.7715755, 1635118810.6818233, 1635118880.1394176, 1635118938.0409398, 1635119003.618559, 1635119068.0113132, 1635119119.8911407, 1635119187.912616, 1635119259.5635667, 1635119327.7630994, 1635119374.9520097, 1635119448.0291624, 1635119510.491224, 1635119570.5441735, 1635119627.8884363, 1635119697.1256535, 1635119759.423042, 1635119827.8313885, 1635119899.3044038, 1635119956.245579, 1635120012.897865, 1635120078.3592165, 1635120136.4268937, 1635120191.7447762, 1635120249.35172, 1635120304.8353398, 1635120375.3922145, 1635120430.5103588, 1635120500.702476, 1635120567.5324461, 1635120637.4784336, 1635120724.5186932, 1635120803.27005, 1635120860.5355747, 1635120943.544308, 1635121013.4152064, 1635121094.3859334, 1635121168.1279566, 1635121229.112992, 1635121301.9024792, 1635121390.568231, 1635121464.3534324, 1635121524.2070847, 1635121607.724019, 1635121701.2381837, 1635121788.2637677, 1635121857.225634, 1635121930.5029638, 1635121996.6155894, 1635122065.596184, 1635122166.0578656, 1635122256.65624, 1635122348.0345087, 1635122422.7168784, 1635122499.9657195, 1635122575.1279676, 1635122663.842864, 1635122744.8122215, 1635122836.0597062, 1635122916.901205, 1635122995.4599545, 1635123071.4309354, 1635123146.351723, 1635123228.695388, 1635123298.4903271, 1635123363.6858199, 1635123438.4310324, 1635123510.4587445, 1635123571.1568823, 1635123664.949491, 1635123730.7722971, 1635123788.523965, 1635123872.6335146, 1635123941.462388, 1635124013.5116706, 1635124078.7404451, 1635124131.0803707, 1635124199.7876465, 1635124283.9319131, 1635124343.553712, 1635124445.2691731, 1635124506.955115, 1635124571.0263953, 1635124654.4598866, 1635124728.3355474, 1635124807.5966322, 1635124874.7779424, 1635124953.165957, 1635125036.911603, 1635125108.3649912, 1635125199.4249036, 1635125284.0653222, 1635125372.788917, 1635125440.530684, 1635125523.3040102, 1635125597.3315537, 1635125666.324389, 1635125751.1941566, 1635125834.2255316, 1635125903.8604667, 1635125987.898048, 1635126074.7472281, 1635126149.4623046, 1635126234.7286608, 1635126312.0974252, 1635126391.7853062, 1635126465.9558852, 1635126528.9804685, 1635126591.893804, 1635126670.1251278, 1635126754.7766933, 1635126832.6621459, 1635126915.1671956, 1635126997.7559528, 1635127079.7685745, 1635127153.333239, 1635127250.8285587, 1635127322.025808, 1635127397.6308126, 1635127476.6146774, 1635127555.1753657, 1635127614.9696786, 1635127688.5284674, 1635127779.45582, 1635127836.705289, 1635127888.3989286, 1635127960.567907, 1635128028.9015493, 1635128093.562712, 1635128158.7713907, 1635128206.6370752, 1635128268.6689067, 1635128340.3417597, 1635128398.9657912, 1635128468.9543493, 1635128538.5246272, 1635128596.1354573, 1635128662.6542165, 1635128719.7572575, 1635128772.4892092, 1635128826.5616097, 1635128869.567835, 1635128920.3010478, 1635128971.8046095, 1635129033.347281, 1635129079.5849586, 1635129139.4530437, 1635129196.6679, 1635129256.0681806, 1635129311.2074609, 1635129361.5091271, 1635129422.9410112, 1635129494.520446, 1635129547.9897006, 1635129619.514165, 1635129690.065537, 1635129753.8647773, 1635129817.4668326, 1635129880.8414993, 1635129944.182664, 1635129994.019786, 1635130047.1113534, 1635130101.3592184, 1635130161.02111, 1635130217.8956692, 1635130278.953846, 1635130336.158392, 1635130397.5186908, 1635130452.8202155, 1635130502.885763, 1635130558.3566694, 1635130616.4822068, 1635130671.396779, 1635130717.5998647, 1635130782.4253974, 1635130842.8662517, 1635130898.3684514, 1635130939.355973, 1635130988.92855, 1635131041.5738866, 1635131088.6943493, 1635131148.665362, 1635131193.6269698, 1635131238.979564, 1635131297.5032291, 1635131345.5655344, 1635131393.9516604, 1635131442.4905155, 1635131497.0180204, 1635131537.9696994, 1635131585.477744, 1635131632.927393, 1635131689.3118672, 1635131737.8118653, 1635131784.594017, 1635131836.0263147, 1635131886.9537435, 1635131938.6243925, 1635131989.4702806, 1635132032.283155, 1635132077.2337296, 1635132118.9696453, 1635132176.5062468, 1635132225.8215725, 1635132283.8421795, 1635132334.487293, 1635132384.205386, 1635132432.973399, 1635132488.7156525, 1635132530.99974, 1635132572.5465803, 1635132623.7546847, 1635132670.4792972, 1635132722.9594483, 1635132769.8757677, 1635132819.1180418, 1635132864.949889, 1635132906.1860292, 1635132946.2146583, 1635132988.9501975, 1635133034.1718056, 1635133080.0894566, 1635133121.4807534, 1635133166.910473, 1635133208.5159636, 1635133253.666185, 1635133302.166556, 1635133350.0942547, 1635133391.3485374, 1635133432.4716835, 1635133476.5285676, 1635133531.2682235, 1635133578.706187, 1635133622.2812958, 1635133666.3780186, 1635133715.64349, 1635133764.956408, 1635133806.6458619, 1635133858.0715604, 1635133901.3795085, 1635133946.6361735, 1635133997.579008, 1635134048.789663, 1635134090.2784193, 1635134135.5366902, 1635134176.3841853, 1635134224.8364413, 1635134264.0913715, 1635134311.847915, 1635134369.0374424, 1635134411.8264658, 1635134454.0004015, 1635134497.038626, 1635134548.6214423, 1635134590.4096305, 1635134646.6903625, 1635134697.1231506, 1635134746.7544405, 1635134794.723621, 1635134835.8698735, 1635134878.4732654, 1635134926.6410046, 1635134975.858591, 1635135018.3490765, 1635135065.3672206, 1635135108.701774, 1635135151.987533, 1635135197.6998293, 1635135254.2569976, 1635135308.5213747, 1635135355.6856468, 1635135400.1628017, 1635135451.9579256, 1635135500.4497907, 1635135546.715961, 1635135594.9646447, 1635135640.275484, 1635135700.1374009, 1635135742.9225585, 1635135790.944377, 1635135844.0574365, 1635135892.1778548, 1635135935.660566, 1635135982.5795813, 1635136030.766634, 1635136076.45996, 1635136119.4469757, 1635136167.4745011, 1635136215.432535, 1635136265.1829524, 1635136304.950819, 1635136353.6650386, 1635136393.4200191, 1635136432.5822375, 1635136472.803885, 